category,statement
Problem-Solving & Analytical Thinking,Enjoys solving complex or ambiguous problems
Problem-Solving & Analytical Thinking,Likes analytical thinking and data-driven decision making
Problem-Solving & Analytical Thinking,Enjoys pattern recognition and detail orientation
Problem-Solving & Analytical Thinking,Enjoys process improvement
Problem-Solving & Analytical Thinking,Likes compliance and investigative tasks
Collaboration & Teamwork,Thrives in collaborative teams
Collaboration & Teamwork,Likes supporting and advising others
Collaboration & Teamwork,Enjoys social interaction and networking
Collaboration & Teamwork,Enjoys client (internal/external) interaction
Collaboration & Teamwork,Likes cross-functional teamwork
Leadership & Influence,Motivated by helping others grow
Leadership & Influence,Enjoys mentoring and developing others
Leadership & Influence,Enjoys sharing knowledge
Leadership & Influence,Likes advocacy and negotiation
Strategy & Big Picture Planning,Likes influencing strategy and big-picture planning
Strategy & Big Picture Planning,Enjoys managing projects from start to finish
Strategy & Big Picture Planning,Likes research
Agility & Adaptability,Enjoys dynamic ever-changing settings
Agility & Adaptability,Likes fieldwork and travel
Structure & Independence,Prefers structured environments
Structure & Independence,Values routine and predictability
Structure & Independence,Enjoys working independently
Structure & Independence,Likes autonomy and self-direction
Structure & Independence,Enjoys multi-tasking and organising
Structure & Independence,Likes high-pressure target-driven environments
Business & Commercial Awareness,Interested in numbers and financial analysis
Business & Commercial Awareness,Business and market oriented
Creativity & Communication,Enjoys creative campaign planning
Creativity & Communication,Likes fast-paced dynamic settings
Creativity & Communication,Enjoys creative writing and storytelling
Creativity & Communication,Likes organising and coordinating events
Creativity & Communication,Enjoys refining and editing content
Making a Difference,Values making a difference for clients or community
Making a Difference,Driven by social impact and advocacy
Making a Difference,Motivated by sustainability and environmental impact
Making a Difference,Values trust-building and ethical standards
Technology & Digital Solutions,Drawn to technology and digital solutions
Technology & Digital Solutions,Likes designing and creating solutions
Technology & Digital Solutions,Enjoys troubleshooting and fixing things
Technology & Digital Solutions,Driven by innovation and change
