sector,entry_role,next_steps,further_transitions,notes
Finance,Investment Banking (IBD),Private Equity (PE); Corporate Finance; Hedge Fund; Corporate Development,Venture Capital (VC); CFO/Strategy roles,IBD → PE is a classic but competitive route
Finance,Corporate Finance (in Industry),Corporate Development; FP&A; Treasury; Consulting,PE (rare); CFO/Strategy roles,"Some move to consulting, fewer to PE"
Finance,"Consulting (Big 4, MBB, Boutique)",Corporate Strategy; PE (esp. operational roles); Finance in Industry,VC; CFO/COO roles,Consulting to PE is more common in ops roles
Finance,Audit/Assurance (Big 4),Corporate Finance; Internal Audit; FP&A; Consulting,Controller/CFO,Common route to industry finance
Finance,Asset Management/Wealth Management,Investment Analyst; Portfolio Manager; Family Office,Hedge Fund; PE (rare); Fintech,"PE transitions are rare, but possible"
Finance,"Private Equity (direct entry, rare)",Portfolio Company (Ops/Finance); VC; Hedge Fund,CFO/COO; Entrepreneurship,Direct PE entry typically needs prior exp.
Finance,Hedge Fund/Buy-Side Analyst,Portfolio Manager; PE (rare); Asset Management,Family Office; Entrepreneurship,Transitions to PE are rare
Finance,Fintech (Finance roles),Product Management; Strategy; VC; Corporate Development,Startups; PE/VC,Increasingly common for grads
Finance,"Venture Capital (direct entry, rare)",Portfolio Company (Ops/Finance); Startups,PE; Entrepreneurship,"Direct entry is rare, often after IB/Consulting"
Finance,"Risk, Compliance, or Treasury",Senior Risk; Chief Risk Officer; Corporate Finance,CFO; Consulting,"Often stable, with steady upward mobility"
Consulting,"Management Consulting (MBB, Big 4, etc.)",Corporate Strategy; Private Equity (Ops roles); Finance in Industry; Product Management,"VC; C-suite (CFO, COO, CEO); Entrepreneurship","Classic route, many exit options; PE is more common in ops roles"
Consulting,Strategy Consulting (Boutique/Big 4),Corporate Strategy; Corporate Development; PE (Ops roles); Product Management,VC; C-suite; Entrepreneurship,"Similar to management consulting, more focused"
Consulting,Operations Consulting,Operations/Transformation roles in Industry; Supply Chain Management; Internal Consulting,COO; C-suite,Good route to COO/operations leadership
Consulting,"Technology Consulting (Big 4, Accenture, etc.)",IT/Tech Project Management; Product Management; Digital Transformation in Industry,CTO; Chief Digital Officer; Startups,Many move to tech firms or digital roles
Consulting,Human Capital/HR Consulting,HR Business Partner; Talent Management; Organizational Development,CHRO; Internal Consulting,Strong HR/people leadership pipeline
Consulting,Risk/Regulatory Consulting,Risk Management in Industry; Compliance; Internal Audit,Chief Risk Officer; Compliance Director,In demand in financial services and corporates
Consulting,Internal Consulting (within corporates),Corporate Strategy; Transformation Office; Business Development,C-suite; Program Director,Common in large multinationals
Consulting,Economic/Policy Consulting,Government/Policy roles; Think Tanks; Corporate Strategy,Academia; Senior Policy Advisor,"Specialized, often for those with economics background"
Consulting,Healthcare/Life Sciences Consulting,Pharma/Biotech Strategy; Hospital Administration; Product Management,C-suite; Healthcare VC,Strong pipeline to industry leadership
"Industrials, Energy & Commodities","Graduate Engineer (Process, Mechanical, Electrical, Chemical)",Project Engineer; Operations Manager; Technical Specialist; R&D,Plant/Facility Manager; Head of Engineering; CTO,Classic engineering progression; management or technical expert tracks
"Industrials, Energy & Commodities",Operations/Production Graduate,Operations Supervisor; Process Improvement; Supply Chain Analyst,Operations Manager; Plant Manager; COO,Path to operational leadership
"Industrials, Energy & Commodities","Energy Analyst (Oil & Gas, Utilities, Renewables)",Commercial Analyst; Business Development; Trading Analyst,Asset Manager; Strategy Lead; Head of Commercial,Transition to commercial/strategy roles possible. Can move to finance (energy trading/research) with relevant experience or qualifications.
"Industrials, Energy & Commodities",Commodities Trading Analyst/Graduate,Junior Trader; Risk Analyst; Operations Analyst,Senior Trader; Trading Desk Head; Risk Manager,"Highly competitive; strong earnings potential. Direct route to finance sector trading roles (banks, hedge funds, asset managers)."
"Industrials, Energy & Commodities",Supply Chain/Logistics Graduate,Logistics Coordinator; Procurement Analyst; Planning Analyst,Supply Chain Manager; Procurement Manager; Head of Logistics,Growing importance with global supply chains. Finance sector moves are rare.
"Industrials, Energy & Commodities","HSSE (Health, Safety, Security, Environment) Graduate",HSSE Advisor; Compliance Officer; Environmental Analyst,HSSE Manager; Head of Sustainability; ESG Lead,Increasing opportunities in sustainability/ESG. Possible move to ESG investing/research in finance sector.
"Industrials, Energy & Commodities",Commercial/Business Graduate (Energy/Industrials),Business Analyst; Commercial Operations; Sales/Marketing Analyst,Business Development Manager; Strategy Manager; GM,Route to commercial leadership. Sometimes moves to corporate development or coverage roles in finance sector.
"Industrials, Energy & Commodities",Renewables/ESG Analyst,Sustainability Analyst; Project Development; Policy Analyst,ESG Lead; Sustainability Director; Project Manager,Fast-growing sector; strong demand for ESG roles. Can transition to ESG investing/research in asset management or banks.
"Industrials, Energy & Commodities",Maintenance/Asset Management Graduate,Maintenance Engineer; Asset Integrity Analyst,Asset Manager; Maintenance Manager; Reliability Lead,Technical and leadership tracks. Finance sector transitions are rare.
"Industrials, Energy & Commodities",Internal Consulting/Transformation Graduate,Transformation Analyst; Process Improvement; Project Manager,Strategy Lead; Transformation Director; COO,Common at large corporates and utilities. Sometimes leads to corporate strategy or PE (ops roles) in finance sector.
"Media, Entertainment & Publishing",Commercial Analyst (Media/Entertainment),Senior Commercial Analyst; Business Development Analyst,Commercial Manager; Head of Commercial,"Core business role; can move to strategy, partnerships, or finance in media/entertainment."
"Media, Entertainment & Publishing",Strategy Analyst (Media/Publishing),Strategy Associate; Corporate Development Analyst,Strategy Manager; Head of Strategy,Strong pipeline to corporate strategy or content strategy roles.
"Media, Entertainment & Publishing",Business Development Analyst (Media/Publishing),Business Development Manager; Partnerships Manager,Head of BD; Strategic Partnerships Director,Pathway to commercial leadership or partnerships.
"Media, Entertainment & Publishing",Finance Analyst (Media/Entertainment/Publishing),Senior Finance Analyst; FP&A Analyst,Finance Manager; Head of Finance; CFO,Classic commercial finance track; possible transition to investment/finance sector roles.
"Media, Entertainment & Publishing",Data Analyst (Media/Entertainment/Publishing),Senior Data Analyst; Analytics Manager,Head of Analytics; Data Science Lead,"Can move to product analytics, digital strategy, or data-driven roles in tech/finance."
"Media, Entertainment & Publishing",Marketing Analyst (Media/Publishing),Senior Marketing Analyst; Brand Manager,Marketing Manager; Head of Marketing,Commercial track; can transition to growth/strategy or product roles.
"Media, Entertainment & Publishing",Corporate Development Analyst (Media/Entertainment),Corporate Development Associate; M&A Analyst,Corporate Development Manager; Head of Corp Dev,"Pathway to M&A, strategy, or investment roles in media/tech/finance."
"Media, Entertainment & Publishing",Product Analyst (Media/Entertainment/Publishing),Product Manager; Product Marketing Analyst,Senior Product Manager; Head of Product,Strong route to commercial/product leadership; can move to tech/fintech.
"Media, Entertainment & Publishing",Rights & Licensing Analyst (Media/Publishing),Licensing Manager; Rights Manager,Head of Rights & Licensing; Commercial Manager,Commercial/contractual track; can move to strategy or partnerships.
"Media, Entertainment & Publishing",Audience Insights Analyst (Media/Entertainment),Insights Manager; Research Manager,Head of Audience Insights; Strategy Director,Data/analytics path; possible transition to digital strategy or consulting.
Tech,Business Analyst (Tech),Senior Business Analyst; Product Analyst,Product Manager; Strategy Manager,"Strong route to product, strategy, or commercial leadership in tech."
Tech,Product Analyst (Tech),Associate Product Manager; Product Manager,Senior Product Manager; Head of Product,Classic route to product leadership; tech/fintech firms value this experience.
Tech,Strategy Analyst (Tech),Strategy Associate; Corporate Development Analyst,Strategy Manager; Head of Strategy,"Corporate strategy pipeline; can move to VC, consulting, or tech investment roles."
Tech,Finance Analyst (Tech/Fintech),FP&A Analyst; Senior Finance Analyst,Finance Manager; Head of Finance; CFO,"Core finance track; possible transition to VC, PE, or finance sector roles (esp. tech focus)."
Tech,Data Analyst (Tech),Senior Data Analyst; Analytics Manager,Data Science Lead; Head of Analytics,"Can move to analytics, product, or digital strategy in tech or finance."
Tech,Operations Analyst (Tech),Operations Manager; Program Manager,Director of Operations; COO,Route to operational leadership and program management.
Tech,Corporate Development Analyst (Tech),Corporate Development Associate; M&A Analyst,Corporate Development Manager; Head of Corp Dev,"Pathway to M&A, strategy, or VC/PE roles (esp. tech-focused funds)."
Tech,Sales/Business Development Analyst (Tech),Business Development Manager; Account Manager,Head of Sales; Head of BD,"Commercial/partnerships track; can move to strategy, partnerships, or product."
Tech,Marketing Analyst (Tech),Marketing Manager; Growth Analyst,Head of Marketing; Growth Lead,Growth/marketing track; can move to product or strategy roles.
Tech,Customer Success Analyst (Tech/SaaS),Customer Success Manager; Account Manager,Head of Customer Success; Director of CS,"Pathway to commercial leadership, especially in SaaS/enterprise tech."
Professional Services & Accounting,"Audit/Assurance Associate (Big 4, Mid-Tier)",Senior Auditor; Audit Manager; Internal Audit Analyst,Controller; Finance Manager; CFO,Classic progression to senior finance roles in corporates; can also move to consulting or deals.
Professional Services & Accounting,"Tax Analyst (Big 4, Mid-Tier)",Tax Senior; Tax Consultant; International Tax Analyst,Tax Manager; Head of Tax; Tax Partner,"Can move to tax advisory, consulting, or in-house tax roles in corporates."
Professional Services & Accounting,Deals/Transaction Services Analyst (Big 4),Deals Associate; Transaction Services Senior; Valuations Analyst,M&A Advisory; Corporate Development; PE,"Strong route to M&A, PE, and corporate finance roles."
Professional Services & Accounting,"Advisory/Consulting Analyst (Big 4, Boutiques)",Senior Consultant; Advisory Manager,Corporate Strategy; Internal Consulting; PE (Ops),"Broad advisory path; can lead to strategy, transformation, or PE operational roles."
Professional Services & Accounting,"Risk Advisory Analyst (Big 4, Specialist Firms)",Risk Consultant; Internal Controls Analyst,Risk Manager; Chief Risk Officer,Pathway to risk management roles in corporates or financial institutions.
Professional Services & Accounting,Forensic/Investigations Analyst,Forensic Consultant; Investigations Senior,Forensic Manager; Compliance Director,"Can move to compliance, risk, or legal/investigations roles in corporates or banks."
Professional Services & Accounting,"Valuations Analyst (Big 4, Specialist Firms)",Valuations Senior; Corporate Finance Analyst,M&A; PE; Corporate Development,"Direct path to finance/investment roles, especially with CFA or further qualifications."
Professional Services & Accounting,Financial Modelling Analyst,Senior Modeller; Deals Analyst,M&A; Corporate Development; PE,"Strong technical foundation for finance, M&A, or investment roles."
Professional Services & Accounting,Internal Audit Graduate,Internal Audit Analyst; Risk Analyst,Internal Audit Manager; Head of Internal Audit,"Can move to risk, compliance, or senior finance roles in corporates."
Professional Services & Accounting,Accounting Advisory Analyst,Accounting Consultant; Technical Accountant,Finance Manager; Group Controller,"Can move to finance, technical accounting, or advisory roles in corporates."
Retail & Consumer,Commercial Analyst (Retail/Consumer),Senior Commercial Analyst; Category Analyst,Category Manager; Head of Commercial,"Core business/commercial track; can move to buying, merchandising, or strategy roles."
Retail & Consumer,Finance Analyst (Retail/Consumer),FP&A Analyst; Senior Finance Analyst,Finance Manager; Head of Finance; CFO,Classic finance progression; possible transitions to investment/finance sector roles.
Retail & Consumer,Strategy Analyst (Retail/Consumer),Strategy Associate; Corporate Development Analyst,Strategy Manager; Head of Strategy,"Strong pipeline to corporate strategy, business development, or consulting."
Retail & Consumer,Supply Chain/Logistics Analyst (Retail),Supply Chain Coordinator; Logistics Analyst,Supply Chain Manager; Head of Logistics,"Operations track; can move to commercial or strategy roles, or consulting with experience."
Retail & Consumer,Buying/Merchandising Analyst,Assistant Buyer; Merchandising Analyst,Buyer; Merchandising Manager; Head of Buying,Commercial/operational track; can transition to category management or general management.
Retail & Consumer,Marketing Analyst (Retail/Consumer),Brand Analyst; Marketing Associate,Brand Manager; Head of Marketing,"Growth/marketing track; can move to commercial, product, or strategy roles."
Retail & Consumer,Data/Insights Analyst (Retail/Consumer),Senior Data Analyst; Insights Manager,Head of Insights; Analytics Lead,"Analytics path; can move to digital strategy, category management, or consulting."
Retail & Consumer,Product Analyst (Retail/E-commerce),Product Manager; Product Marketing Analyst,Senior Product Manager; Head of Product,"Route to product leadership, especially in e-commerce; can move to tech/fintech."
Retail & Consumer,E-commerce/Omnichannel Analyst,E-commerce Manager; Digital Operations Analyst,Head of E-commerce; Head of Digital,Digital/operations track; can move to digital strategy or commercial leadership.
Retail & Consumer,Internal Consulting/Transformation Analyst,Transformation Analyst; Project Manager,Strategy Lead; Transformation Director,Common in large retailers/CPG; can move to corporate strategy or consulting.
Transportation & Logistics,Commercial Analyst (Transport/Logistics),Senior Commercial Analyst; Business Development,Commercial Manager; Head of Commercial,"Core business/commercial track; can move to strategy, partnerships, or finance roles."
Transportation & Logistics,Finance Analyst (Transport/Logistics),FP&A Analyst; Senior Finance Analyst,Finance Manager; Head of Finance; CFO,Classic finance progression; possible transitions to investment/finance sector roles.
Transportation & Logistics,Strategy Analyst (Transport/Logistics),Strategy Associate; Corporate Development Analyst,Strategy Manager; Head of Strategy,"Strong pipeline to corporate strategy, business development, or consulting."
Transportation & Logistics,Operations Analyst (Transport/Logistics),Operations Manager; Process Improvement Analyst,Head of Operations; COO,"Operations/leadership track; can move to commercial, strategy, or transformation roles."
Transportation & Logistics,Supply Chain/Logistics Analyst,Supply Chain Coordinator; Logistics Analyst,Supply Chain Manager; Head of Logistics,"Supply chain/operations track; can move to consulting, commercial, or strategy roles."
Transportation & Logistics,Data/Analytics Analyst (Transport/Logistics),Senior Data Analyst; Analytics Manager,Head of Analytics; Digital Strategy Lead,"Analytics path; can move to digital strategy, transformation, or consulting."
Transportation & Logistics,Business Development Analyst (Transport/Logistics),BD Manager; Account Manager,Head of BD; Strategic Partnerships Director,Commercial/partnerships track; can move to strategy or commercial leadership.
Transportation & Logistics,Product Analyst (Transport/Logistics Tech),Product Manager; Product Marketing Analyst,Senior Product Manager; Head of Product,"Route to product leadership, especially in logistics tech; can move to tech/consulting."
Transportation & Logistics,Procurement/Purchasing Analyst,Procurement Manager; Category Manager,Head of Procurement; Supply Chain Director,"Procurement track; can move to commercial, category management, or strategy roles."
Transportation & Logistics,Internal Consulting/Transformation Analyst,Transformation Analyst; Project Manager,Strategy Lead; Transformation Director,Common in large logistics/transport firms; can move to corporate strategy or consulting.
